Distance,Speed
0,360
0.962925135000907,360
2.05964816927284,360
3.3032759817704,360
4.70228612981571,360
6.25885362479465,360
7.96768106962963,360
9.81588510989142,360
11.7842597804137,360
13.8497715592523,360
15.9886502474861,360
18.2566190769046,360
20.5249439466662,360
22.7935876546839,360
25.0625114307905,360
27.331675144111,360
29.6010375100724,360
31.870556297096,360
34.1401885330271,360
36.4098907113539,360
38.6796189972731,360
40.9493294336618,360
43.2189781470132,360
45.4885215533962,360
47.7579165644998,360
50.0271207938186,360
52.2960927630382,360
54.5647921086749,360
56.8331797890211,360
59.101218291447,360
61.368871840101,360
63.6361066040506,360
65.9028909058978,360
68.169195430897,360
70.4349934365982,360
72.7002609886824,360
74.9649774153333,360
77.2291257861945,360
79.4926933852035,360
81.7556722383041,360
84.0180596614147,360
86.2798587650639,360
88.5410788281282,360
90.8017354438618,360
93.0618503553809,360
95.3214509368251,360
97.5805693332389,360
99.8392413317252,360
102.097505081372,360
104.355399797352,360
106.612964572563,360
108.870237385183,360
111.127254345446,360
113.384049182895,360
115.640652945233,360
117.897093864606,359.692144751897
120.15339734138,357.991505536402
122.409585987198,356.282748777175
124.665679754859,354.565757111738
126.921696106236,352.840410322032
129.177650180772,351.106585236193
131.43355496417,349.364155625931
133.689421457237,347.612992099288
135.945258844866,345.852961988502
138.201074665096,344.083929232709
140.456874978261,342.305754255198
142.712664536181,340.518293834883
144.968446951399,338.721400971683
147.224224866435,336.914924745432
149.480000123065,335.098710167944
151.735773931601,333.272598027831
153.991547040188,331.436424727609
156.247319904093,329.590022112654
158.503092854998,327.733217291473
160.758866270299,325.86583244676
163.014640742398,323.987684636654
165.270417247996,322.098585585563
167.526197317387,320.198341463881
169.781983203746,318.286752655872
172.037778052016,316.363613514924
174.29358605423,314.428712105336
176.549412575786,312.48182992971
178.805264244441,310.522741640963
181.061148974213,308.551214737878
183.317075892852,306.567009243036
185.573055140115,304.569877361862
187.829097510825,302.559563121412
190.085213934663,300.535801987417
192.341414812959,298.498320457955
194.597709266087,296.44683563199
196.854104373634,294.381054750845
199.110604502825,292.300674710511
201.367210812067,290.205381542486
203.62392098695,288.094849860632
205.880729224483,285.968742271284
208.137626440595,283.826708743592
210.394600647564,281.66838593676
212.651637437322,279.493396480525
214.908720512233,277.301348204836
217.165832220526,275.091833314295
219.422954073547,272.864427502413
221.680067276066,270.618689000261
223.937153209605,268.354157553446
226.194193830642,266.070353320733
228.451172064472,263.766775686817
230.708072199189,261.442901980948
232.964880279813,259.098186092106
235.221584502599,256.732056970336
237.478175609556,254.343917002589
239.734647283162,251.933140249987
241.990996541285,249.499070531775
244.247224132271,247.041019339339
246.503334930155,244.558263561507
248.759338329921,242.05004299983
251.015248642725,239.515557649644
253.27108549094,236.953964719352
255.526874202884,234.364375356452
257.782646207038,231.745851044241
260.038439425533,229.0973996278
262.294298666645,226.417970921523
264.550276016009,223.706451843079
266.806431226202,220.961661009822
269.062832104317,218.182342723282
271.319554896744,215.367160254807
273.576684580908,212.514688330524
275.834314873141,209.623404695706
278.092547991811,206.691680616854
280.351493999694,203.717770153268
282.61126953882,200.699797997456
284.871995785485,197.635745643898
287.133795507007,194.523435596382
289.396789214938,191.360513262846
291.661090572672,188.14442610989
293.926801395304,184.872399552285
296.194006724401,181.541408929808
298.462770516807,178.148146766167
300.733132423747,174.6889843013
303.005105962702,171.159926023061
305.278678147918,167.556555575184
307.553810415233,163.873970953961
309.830514832279,160.106706281216
312.108784266006,156.248636589955
314.388489866257,152.292860883955
316.669432501016,148.231557086269
318.951303139541,144.055800147789
321.233629006513,139.755331190691
323.515711460774,135.318260542396
325.796567264625,130.730679934817
328.074891150573,125.976147409816
330.34905692233,121.034989801378
332.617167266863,115.883337008475
334.877149925056,110.477190405984
337.126884262598,110.477190405984
339.364333323732,110.477190405984
341.587655936952,110.477190405984
343.795281144173,110.477190405984
345.985939257138,110.477190405984
348.158655094483,110.477190405984
350.312715763897,110.477190405984
352.447626810458,110.477190405984
354.563068014219,110.477190405984
356.658818844345,110.477190405984
358.734737246151,110.477190405984
360.790867222724,110.477190405984
362.827314513345,110.477190405984
364.844250129548,110.477190405984
366.841914146842,110.477190405984
368.820619654164,110.477190405984
370.780756295978,110.477190405984
372.722791777472,110.477190405984
374.647273054079,110.477190405984
376.554826530954,110.477190405984
378.446156675047,110.477190405984
380.322042772034,110.477190405984
382.183333665881,110.477190405984
384.030940459224,110.477190405984
385.865827311708,110.477190405984
387.689000632434,110.477190405984
389.501497101963,110.477190405984
391.304371059324,110.477190405984
393.098681834096,110.477190405984
394.885481585947,110.477190405984
396.665804140133,110.477190405984
398.440655194416,110.477190405984
400.211004141548,110.477190405984
401.977777619164,110.477190405984
403.741854776738,110.477190405984
405.50412171359,110.477190405984
407.265548343501,110.477190405984
409.027090926463,110.477190405984
410.789738579415,110.477190405984
412.554509979712,110.477190405984
414.322425834231,110.477190405984
416.094452191844,110.477190405984
417.87141903511,110.477190405984
419.653929288558,110.477190405984
421.442281066451,110.477190405984
423.236425995721,110.477190405984
425.035977417114,112.798978718781
426.840267540101,115.073931018281
428.648438616256,117.304772281438
430.459545647512,119.493973069775
432.272649071384,121.643781591991
434.086883148057,123.756250751225
435.901495195402,125.833261103732
437.715858634408,127.87654045993
439.529467197344,129.887680709142
441.341918670276,131.868152334064
443.152859615173,133.819316991233
444.962030004225,135.742438463437
446.769265542789,137.638692234415
448.574424817736,139.509173891899
450.37739219784,141.354906529629
452.178081893892,143.176847290335
453.976441897879,144.975893168485
455.772457662087,146.752886172641
457.566155610662,148.508617931755
459.357606048867,150.243833816899
461.1469248666,151.959236639304
462.934273352284,153.655489976766
464.719855512583,155.333221173064
466.503912569744,156.993024048841
468.286714749994,158.635461357163
470.068550976328,160.261067012547
471.849717487375,161.870348118487
473.630506588998,163.463786815307
475.411196651987,165.041841967424
477.192044142152,166.604950706754
478.973278027815,168.153529846982
480.755096491855,169.68797718165
482.537665582181,171.208672677525
484.321119302287,172.715979573403
486.105560650458,174.210245393318
487.89106325233,175.691802882206
489.677673584415,177.160970871126
491.465413057665,178.618055078427
493.254279893056,180.063348852564
495.044250991401,181.497133861667
496.835283795918,182.919680734469
498.627318145583,184.331249656698
500.420278118052,185.732090926689
502.214073861544,187.122445473546
504.008603415624,188.502545340905
505.803754521355,189.872614139059
507.599406421648,191.232867467912
509.395431653033,192.583513313056
511.191697830332,193.924752417014
512.988069425939,195.256778627529
514.784409545581,196.579779224619
516.580581702531,193.45813984154
518.376451592276,190.277510260537
520.171888869662,187.042802456948
521.966768930424,183.751160515924
523.760974698919,180.399467934217
525.554398423674,176.984313064601
527.346943482104,173.501948435597
529.138526220674,169.948242565049
530.929078281663,166.318622501958
532.718549104158,162.608004818178
534.506908209995,158.810712078716
536.294147422514,154.920370871453
538.080282823228,150.929786162138
539.865292851553,146.830784888417
541.649079652725,142.61401905475
543.431529289306,138.268714722271
545.212410317171,133.782347531162
546.991318138148,129.140216628859
548.767622044532,124.324875189757
550.540432158744,119.315353710026
552.308607594557,114.086075710179
554.070824714866,108.605302407151
555.825712407072,102.832829149784
557.572040971544,96.7164401275641
559.308929149944,90.2042482369872
561.036020224547,90.2042482369872
562.753581492394,90.2042482369872
564.462502787641,90.2042482369872
566.164200699769,90.2042482369872
567.860461468763,90.2042482369872
569.553268476042,90.2042482369872
571.244654584923,90.2042482369872
572.936600444888,90.2042482369872
574.630981232208,90.2042482369872
576.329190689549,90.2042482369872
578.032302255943,90.2042482369872
579.741234514427,90.2042482369872
581.456548037929,90.2042482369872
583.178334255636,90.2042482369872
584.906122946511,90.2042482369872
586.638840880943,90.2042482369872
588.374853388231,90.2042482369872
590.112106767725,90.2042482369872
591.848363451677,90.2042482369872
593.581491198038,90.2042482369872
595.309744471406,93.0333617580274
597.03197184973,95.7789454942995
598.747702032637,98.4479882983903
600.457096797709,101.046555606809
602.160797872637,103.579951728122
603.859720752078,106.052847203647
605.5548532062,108.469380011135
607.247101476828,110.833236892189
608.93720252586,113.147719376044
610.625697544211,115.4157978788
612.313229195582,117.640156409281
614.000178124437,119.823229801237
615.686486196337,121.967234944472
617.372104048356,124.074197156379
619.05699218796,126.145972587316
620.741121789291,128.184267365383
622.424475059357,130.190654042447
624.107045096177,132.166585792325
625.788835235437,134.113408725601
627.469857962261,136.032372617697
629.150133528241,137.924640293169
630.829688444442,139.791295866374
632.508554013835,141.633352004392
634.186765028923,143.451756350349
635.864358707077,145.247397222807
637.541373883551,147.021108688515
639.217850441866,148.773675090723
640.893828938056,150.505835102829
642.569350340462,152.218285366772
644.244455861826,153.911683767023
645.919186938762,155.586652383808
647.59358522919,157.243780163159
649.267692609706,158.883625336282
650.9415511729,160.506717616429
652.615203224614,162.113560197782
654.288691281142,163.704631577729
655.962058066386,165.280387221231
657.635346508942,166.841261083702
659.308599739147,168.387667006821
660.981861086062,169.92
662.655174074411,171.438637418757
664.328582421467,172.943940049948
666.002130033885,174.436253112706
667.675861004494,175.915907182949
669.349819609032,177.383219048477
671.024050302842,178.838492500915
672.698597717519,180.282019070122
674.373506657512,181.714078706082
676.04882209669,183.134940412801
677.724589174854,184.544862838281
679.400853194222,185.944094824224
681.077659585062,187.332875918777
682.755053708411,188.711436855321
684.433080576405,190.08
686.11178443661,191.438779770453
687.791208146844,192.787983027989
689.471392296615,194.127809445221
691.152374057158,195.458451851026
692.834185785599,196.780096554504
694.516853464034,198.092923649483
696.200395108438,199.397107300984
697.884819318534,200.692816014924
699.570124143126,201.980212892253
701.256296399687,203.259455868602
702.9433115188,204.530697940431
704.631133901308,205.794087378622
706.319717701589,207.049767930321
708.009007903234,208.297879009845
709.698941541612,209.538555879342
711.389448947452,210.771929819888
713.080454924146,211.998128293624
714.77187981418,213.217275097493
716.463640484175,214.429490509118
718.155651334583,215.634891425298
719.847825017478,216.833591493569
721.540073053837,218.025701237262
723.232306449919,219.211328174435
724.924436313245,220.390576931048
726.616374468655,221.563549348714
728.308034074921,222.730344587351
729.999330242411,223.891059223007
731.690180652234,225.045787341154
733.380506177331,226.19462062569
735.070231505894,227.337648443895
736.759285767494,228.474957927559
738.447603162244,229.606634050499
740.13512359324,230.732759702648
741.821793302522,231.853415760907
743.507565510647,232.968681156931
745.192401059961,234.078632942009
746.876269061507,235.183346349183
748.559147545442,236.282894852759
750.241024114705,237.377350225332
751.921896601577,238.466782592461
753.601773726613,239.551260485099
755.280675787163,240.630850889906
756.958635617623,241.705619297525
758.635699493792,242.775629748952
760.3119278499,243.840944880059
761.98739582845,244.901625964386
763.662193508467,245.957732954262
765.33642561658,247.009324520351
767.010210520762,248.056458089686
768.683678356534,249.099189882264
770.356968245877,250.137574946268
772.030224723182,251.171667191982
773.703593641171,252.201519424448
775.377217943694,253.227183374929
777.051233722855,254.248709731239
778.72576691413,255.266148166967
780.400930847325,256.279547369664
782.076824708406,257.288955068032
783.753532825059,258.294418058153
785.431124599444,259.295982228804
787.109654883112,260.293692585894
788.78916460911,261.287593276068
790.469681560249,262.277727609494
792.151221359671,263.264138081889
793.83378832416,264.2468663958
795.517376122981,265.225953481178
797.201968431276,266.201439515266
798.887539580813,267.173363941842
800.574055207665,268.141765489824
802.261472896475,269.106682191283
803.949742821098,270.068151398864
805.638808381535,271.026209802668
807.328606837132,271.98089344658
809.019069936132,272.932237744096
810.710124541744,273.880277493652
812.401693254946,274.825046893474
814.09369503431,275.766579555971
815.786045813194,276.704908521696
817.478659114663,277.640066272863
819.171446664578,278.57208474648
820.864319003277,279.500995347065
822.557186096328,280.426828958999
824.249957944816,281.349615958508
825.942545195668,282.269386225286
827.634859752487,283.186169153792
829.326815392114,284.099993664203
831.01832855735,285.010888213065
832.709319313009,285.918880803629
834.39971228334,286.8239989959
836.089437685632,287.726269916391
837.77843245229,288.625720267616
839.466641392106,288.788864104814
841.154018304577,286.667903803249
842.84052693137,284.53113381658
844.526141619198,282.378195246993
846.210847587232,280.20871540862
847.894640740448,278.022307074358
849.577527037943,275.818567668946
851.259521494521,273.597078403533
852.940646945793,271.357403346488
854.620932728539,269.099088424596
856.300413416767,266.82166034816
857.979127717474,264.524625452809
859.657117582281,262.207468449983
861.334427545814,259.869651077129
863.011104268345,257.510610637598
864.687196241237,255.129758419022
866.362753578615,252.726477977573
868.037827913355,250.300123273938
869.712472400539,247.850016645044
871.386741726872,245.375446593478
873.060692119629,242.875665374176
874.734381355094,240.349886355181
876.407868766477,237.797281126065
878.081215251301,235.21697632388
879.754483278224,232.608050142184
881.42773689329,229.969528483555
883.101041725577,227.300380710083
884.774464992244,224.599514939255
886.448075502935,221.865772824356
888.121943663543,219.097923748603
889.796141479301,216.294658350475
891.470742557197,213.454581283581
893.14582210769,210.576203097474
894.821456945704,207.657931105337
896.497725490902,204.698059079584
898.174707767213,201.69475558613
899.852485401603,198.646050730813
901.531141622077,195.549821045555
903.210761254691,192.403772184821
904.891430598979,189.205419031667
906.573236951665,185.952062723027
908.256267976169,182.640763990268
909.940610740789,179.268312065877
911.626350290106,175.831188220261
913.313907542204,172.325522749675
915.003879533672,168.74704391766
916.696824869068,165.091016929901
918.39347737785,161.352170456268
920.094743324669,157.524607445785
921.801656599399,153.601695924715
923.515282530414,149.575933996578
925.236574647468,145.438781179398
926.966205976071,141.180445214444
928.704411078077,136.78960907521
930.450879861802,132.253076300511
932.204735054709,127.568071240417
933.964603983914,127.568071240417
935.728769490132,127.568071240417
937.495364218229,127.568071240417
939.262564516393,127.568071240417
941.028746596932,127.568071240417
942.792583627826,127.568071240417
944.553079837547,127.568071240417
946.309554335996,127.568071240417
948.061594050953,127.568071240417
949.80883059211,127.568071240417
951.551096634949,127.568071240417
953.288548301074,127.568071240417
955.021364250088,127.568071240417
956.749746761167,127.568071240417
958.473922445724,127.568071240417
960.194142990841,127.568071240417
961.910685932134,127.568071240417
963.623855453636,127.568071240417
965.333983211294,127.568071240417
967.041429175581,127.568071240417
968.746582487686,127.568071240417
970.449862322732,127.568071240417
972.151718752443,127.568071240417
973.852633598789,127.568071240417
975.553121269263,127.568071240417
977.253729563676,127.568071240417
978.955040441775,127.568071240417
980.657670618188,127.568071240417
982.362271069644,127.568071240417
984.069526035885,127.568071240417
985.780151521979,127.568071240417
987.494892894351,127.568071240417
989.21452142393,127.568071240417
990.939829686255,127.568071240417
992.671625809208,127.568071240417
994.410726659366,127.568071240417
996.15795016605,127.568071240417
997.914107082071,127.568071240417
999.679992553647,127.568071240417
1001.45637790327,127.568071240417
1003.24400301091,127.568071240417
1005.04356961531,127.568071240417
1006.85573576283,127.568071240417
1008.68111152536,127.568071240417
1010.52025600749,127.568071240417
1012.37367557724,127.568071240417
1014.24182318892,127.568071240417
1016.12509862421,127.568071240417
1018.02384939785,127.568071240417
1019.9383718426,127.568071240417
1021.86891311838,127.568071240417
1023.81569307227,127.568071240417
1025.77892506804,127.568071240417
1027.75873107577,127.568071240417
1029.75516515671,127.568071240417
1031.76818391662,127.568071240417
1033.79760304813,127.568071240417
1035.84304358743,127.568071240417
1037.90387740472,127.568071240417
1039.97918641472,127.568071240417
1042.06775115744,127.568071240417
1044.16807983271,127.568071240417
1046.2784791291,129.583999012224
1048.39715658072,131.569041951365
1050.52233531865,133.524577512906
1052.65235943937,135.451883707832
1054.78577238629,137.352148872888
1056.92135942319,139.226480239931
1059.05815478096,141.075911480309
1061.19542121401,142.901409370237
1063.33261301468,144.703879699198
1065.46933325094,146.48417252386
1067.60528235801,148.243086853991
1069.74026122026,149.981374843679
1071.87415609213,151.699745550215
1074.00686433117,153.398868313948
1076.1382964829,155.079375804779
1078.26837840772,156.741866774643
1080.3970532548,158.386908549918
1082.52428303041,160.015039293186
1084.65004949922,161.626770059913
1086.77435421077,163.222586672311
1088.89721755876,164.802951429882
1091.01867693142,166.368304673697
1093.13878415539,167.919066219414
1095.25760253513,169.455636672257
1097.37520381822,170.978398635617
1099.49166537596,172.487717823618
1101.60706779961,173.983944086804
1103.72149300554,175.467412359104
1105.83502284879,176.938443533337
1107.94773817927,178.397345271728
1110.0597182418,179.84441275725
1112.17104025637,181.279929390984
1114.28177921775,182.704167440154
1116.39200790002,184.117388641051
1118.50179687247,185.519844760608
1120.61121451627,186.911778120053
1122.72032704192,188.293422083725
1124.82919850733,189.665001515831
1126.93789083664,191.026733207685
1129.04646383968,192.378826277738
1131.15497523201,193.721482546464
1133.26348065562,195.05489688803
1135.37203370009,196.379257560466
1137.48068592439,197.694746515936
1139.58948687913,199.001539692536
1141.69848412924,200.299807288974
1143.8077232772,201.58971402331
1145.91724798665,202.871419376905
1148.02710000634,204.145077824571
1150.13731919453,205.410839051886
1152.24794354371,206.668848160529
1154.35900920562,207.919245862426
1156.47055051661,209.162168663456
1158.58260002319,210.397749037389
1160.69518848591,211.62611559068
1162.80834482662,212.84739321871
1164.92209605314,214.061703253992
1167.03646713294,215.269163606867
1169.15148079663,216.469888899126
1171.26715726095,217.663990591002
1173.38351387141,218.851577101925
1175.5005646799,220.03275392541
1177.61831998977,221.207623738424
1179.73678591528,222.376286505553
1181.85596400915,223.538839578271
1183.97585100751,224.695377789575
1186.0964387259,225.845993544273
1188.21771411669,224.625569707972
1190.3396594732,221.892148591677
1192.46225274671,219.124632678827
1194.58546793184,216.321713396115
1196.70927547707,213.481996258773
1198.83364268559,210.60399276042
1200.95853408464,207.686111251164
1203.08391175464,204.726646645303
1205.2097356431,201.723768769649
1207.33596387004,198.675509126392
1209.46255293498,195.579745798564
1211.58945790788,192.434186169274
1213.71663261965,189.236347054764
1215.84402985221,185.983531761903
1217.97160152823,182.672803467377
1220.09929890059,179.300954171
1222.22707274156,175.864468289166
1224.35487353189,172.359479712115
1226.4826516497,168.781720830874
1228.61035755946,165.126461618455
1230.73794200086,161.388436285351
1232.86535617789,157.561754263625
1234.99221072293,153.639791221646
1237.11800607774,149.615054344912
1239.24218828573,145.479014041995
1241.36398246067,141.22189124435
1243.4823694314,136.832385079816
1245.59610091989,132.297319121103
1247.70376810029,127.601174315251
1249.80392984084,122.725460792091
1251.89529140234,117.647854917253
1253.97690600542,112.340984536504
1256.04835672312,106.770669411739
1258.1098725055,100.851415458584
1260.16234311121,100.851415458584
1262.20722287776,100.851415458584
1264.24634439276,100.851415458584
1266.28168795115,100.851415458584
1268.31516114636,100.851415458584
1270.34843265604,100.851415458584
1272.38284158334,100.851415458584
1274.41937942467,100.851415458584
1276.45872496112,100.851415458584
1278.50147524284,100.851415458584
1280.54780062274,100.851415458584
1282.59766198715,100.851415458584
1284.65101096085,100.851415458584
1286.70779013516,100.851415458584
1288.76793228237,100.851415458584
1290.83135972904,100.851415458584
1292.89798396855,100.851415458584
1294.96770554334,100.851415458584
1297.04041411062,100.851415458584
1299.11598851166,100.851415458584
1301.19429740857,100.851415458584
1303.27520008644,100.851415458584
1305.35854724803,100.851415458584
1307.44418180161,100.851415458584
1309.53193964207,100.851415458584
1311.62165042609,100.851415458584
1313.71313834166,100.851415458584
1315.80622287256,100.851415458584
1317.90071955842,100.851415458584
1319.99644075099,100.851415458584
1322.09319636702,100.851415458584
1324.1907946387,100.851415458584
1326.28904286202,100.851415458584
1328.38774814384,100.851415458584
1330.48671814825,100.851415458584
1332.58576184291,100.851415458584
1334.68469024592,100.851415458584
1336.7833171739,100.851415458584
1338.88145999183,100.851415458584
1340.97894036532,100.851415458584
1343.07604671245,100.851415458584
1345.0546536121,100.851415458584
1346.96581335549,100.851415458584
1348.78763354923,100.851415458584
1350.49886299828,100.851415458584
1352.08174150716,100.851415458584
1353.52431096475,100.851415458584
1354.82159634314,100.851415458584
1355.97551706127,100.851415458584
1356.99382051394,100.851415458584
1357.88854656309,100.851415458584
